{"cameraMode":{"drawMode":0,"name":"Shaded","section":"Shading Mode"},"sceneLighting":false,"audioPlay":false,"sceneViewState":{"showFog":true,"showMaterialUpdate":false,"showSkybox":false,"showFlares":true,"showImageEffects":true,"showParticleSystems":true},"in2DMode":false,"pivot":{"x":1.2832045555114747,"y":2.227130889892578,"z":1.3101043701171876},"rotation":{"x":-0.20649468898773194,"y":0.6062847375869751,"z":-0.16701747477054597,"w":-0.7495893836021423},"size":12.901567459106446,"orthographic":false}