{"cameraMode":{"drawMode":0,"name":"Shaded","section":"Shading Mode"},"sceneLighting":true,"audioPlay":false,"sceneViewState":{"showFog":true,"showMaterialUpdate":false,"showSkybox":true,"showFlares":true,"showImageEffects":true,"showParticleSystems":true},"in2DMode":false,"pivot":{"x":-0.7884654998779297,"y":0.6076897382736206,"z":-8.076006889343262},"rotation":{"x":-0.14825287461280824,"y":0.6931678056716919,"z":-0.14905530214309693,"w":-0.6894360184669495},"size":0.9702945947647095,"orthographic":false}