{"cameraMode":{"drawMode":0,"name":"Shaded","section":"Shading Mode"},"sceneLighting":false,"audioPlay":false,"sceneViewState":{"showFog":true,"showMaterialUpdate":false,"showSkybox":false,"showFlares":true,"showImageEffects":true,"showParticleSystems":true},"in2DMode":false,"pivot":{"x":41.850040435791019,"y":19.489084243774415,"z":-155.6017303466797},"rotation":{"x":-0.20649468898773194,"y":0.6062847375869751,"z":-0.16701747477054597,"w":-0.7495893836021423},"size":24.697772979736329,"orthographic":false}