{"cameraMode":{"drawMode":0,"name":"Shaded","section":"Shading Mode"},"sceneLighting":false,"audioPlay":false,"sceneViewState":{"showFog":true,"showMaterialUpdate":false,"showSkybox":false,"showFlares":true,"showImageEffects":true,"showParticleSystems":true},"in2DMode":false,"pivot":{"x":-18.745338439941408,"y":1.202836036682129,"z":-18.28203582763672},"rotation":{"x":-0.20649468898773194,"y":0.6062847375869751,"z":-0.16701747477054597,"w":-0.7495893836021423},"size":3.263322114944458,"orthographic":false}